id,price,bedrooms,bathrooms,sqft_living,lot_size,floors,waterfront,year_built,neighborhood,condition
1000,899400.0,1,1.0,3737,6006,1,0,1973,Uptown,Poor
1001,843300.0,1,1.5,1652,9779,3,1,1985,Uptown,Excellent
1002,819300.0,2,2.5,3113,6057,1,0,1980,Hillside,Good
1003,481000.0,3,1.0,1079,7724,1,0,2004,Uptown,Good
1004,949400.0,1,3.5,2581,10285,1,0,2008,Downtown,Good
1005,768200.0,3,3.0,1487,13043,1,1,1989,Riverside,Poor
1006,534000.0,2,1.0,2256,6054,2,0,2006,Suburbs,Good
1007,910900.0,1,3.0,3300,4303,3,0,1980,Hillside,Excellent
1008,772600.0,3,3.5,3518,10625,1,0,1967,Suburbs,Poor
1009,835400.0,1,1.5,3023,13262,2,0,2023,Hillside,Excellent
1010,511000.0,2,2.0,1271,5540,3,0,2014,Uptown,Excellent
1011,732200.0,2,3.0,2721,2989,1,0,1979,Suburbs,Excellent
1012,666900.0,5,1.0,2276,7752,3,0,1992,Uptown,Poor
1013,919900.0,5,2.0,3848,12001,2,0,2015,Suburbs,Excellent
1014,1178200.0,,3.5,3647,5815,3,0,2024,Downtown,Good
1015,714000.0,2,1.5,2231,13992,1,0,1960,Uptown,Good
1016,441400.0,4,1.0,1158,7447,2,0,1990,Uptown,Poor
1017,1170500.0,1,3.0,3836,3560,1,0,1981,Riverside,Excellent
1018,1235900.0,2,3.0,3793,13459,1,0,2011,Riverside,Excellent
1019,380100.0,2,1.5,962,7039,1,0,1989,Uptown,Fair
1020,961800.0,1,1.0,3599,11839,1,0,1964,Riverside,Poor
1021,826700.0,4,1.5,2908,3667,3,0,1991,Hillside,Excellent
1022,348800.0,2,1.0,1097,12296,2,0,2012,Hillside,Poor
1023,502400.0,1,1.0,2349,13431,2,0,1973,Suburbs,Fair
1024,524300.0,2,3.0,2537,3796,2,0,2019,Suburbs,Poor
1025,365900.0,5,1.0,907,12184,3,0,1971,Suburbs,Fair
1026,705500.0,4,2.5,2671,5002,2,0,1981,Hillside,Poor
1027,609600.0,4,2.0,2432,12912,3,0,2022,Suburbs,Fair
1028,593100.0,3,1.5,939,10989,3,1,2000,Downtown,Poor
1029,402500.0,5,1.5,932,9820,1,0,1968,Uptown,Poor
1030,424600.0,2,2.5,1191,10833,1,0,1965,Uptown,Poor
1031,527700.0,5,2.0,1768,4846,2,0,2010,Suburbs,Good
1032,1139200.0,4,2.0,3779,2688,1,0,1972,Downtown,Fair
1033,520500.0,3,1.0,1700,7554,2,0,1998,Uptown,Poor
1034,929800.0,5,2.0,3417,3197,1,0,1973,Uptown,Fair
1035,1098800.0,3,1.5,3515,11891,2,0,1992,Downtown,Poor
1036,366400.0,4,2.0,880,1558,2,0,1993,Suburbs,Excellent
1037,399700.0,1,1.0,1008,12821,1,0,2007,Uptown,Fair
1038,421500.0,4,1.5,871,6550,2,0,1965,Riverside,Fair
1039,573400.0,3,3.0,2364,11668,1,0,1990,Suburbs,Fair
1040,484000.0,4,1.0,1434,13567,2,0,2012,Suburbs,Good
1041,876800.0,4,1.0,2627,5144,1,0,2018,Riverside,Good
1042,483300.0,2,1.5,,12313,1,0,1995,Downtown,Good
1043,441700.0,5,2.0,813,3389,2,0,1993,Downtown,Poor
1044,666400.0,5,2.5,2115,13436,2,0,1974,Hillside,Fair
1045,1207900.0,1,3.0,4003,10321,1,0,1968,Riverside,Good
1046,606700.0,1,3.5,1930,9808,2,0,2001,Hillside,Good
1047,988500.0,4,3.5,3764,4351,3,0,2011,Uptown,Poor
1048,577800.0,3,2.0,1560,8543,3,0,2001,Hillside,Excellent
1049,671200.0,4,3.5,1395,12294,1,0,2002,Downtown,Fair
1050,1195100.0,3,1.5,4003,4762,1,1,1991,Hillside,Poor
1051,800400.0,5,1.5,3642,12909,2,0,1991,Suburbs,Poor
1052,717200.0,1,2.5,1596,4381,3,0,1991,Downtown,Excellent
1053,940200.0,5,3.0,3138,6698,2,0,2024,Hillside,Excellent
1054,869000.0,2,3.5,2644,8873,2,0,1995,Uptown,Excellent
1055,464100.0,1,3.5,1870,5341,2,0,1970,Suburbs,Fair
1056,1478300.0,2,2.5,3542,4003,1,1,2012,Riverside,Excellent
1057,949800.0,4,2.5,3853,11069,1,0,2008,Hillside,Poor
1058,919600.0,3,2.0,3786,7889,2,0,1988,Hillside,Fair
1059,771500.0,4,2.0,3439,12627,2,0,2019,Suburbs,Poor
1060,800100.0,4,3.0,3011,12362,1,0,2014,Suburbs,Excellent
1061,908600.0,3,1.5,2562,6855,2,0,2008,Riverside,Excellent
1062,743000.0,3,1.0,2626,1817,3,1,2004,Suburbs,Poor
1063,373400.0,1,1.5,1516,1833,3,0,1976,Hillside,Poor
1064,775600.0,5,1.5,2604,12960,2,0,1981,Uptown,Poor
1065,731400.0,3,1.0,3070,1920,2,0,2008,Hillside,Fair
1066,933200.0,1,3.0,3528,11776,1,0,1998,Uptown,Poor
1067,1360900.0,1,2.0,2882,8518,2,1,2003,Downtown,Excellent
1068,585900.0,4,1.0,2475,7434,2,0,2015,Suburbs,Good
1069,936300.0,4,2.5,2484,13477,3,0,1991,Downtown,Good
1070,1043100.0,4,1.5,3773,9113,3,0,2008,Riverside,Poor
1071,674400.0,4,1.5,2153,14571,2,0,1995,Uptown,Poor
1072,494300.0,5,1.5,1050,5454,2,0,1990,Hillside,Excellent
1073,706700.0,3,1.5,2356,12834,1,0,2007,Hillside,Good
1074,989800.0,4,3.5,2954,6919,2,0,1994,Riverside,Good
1075,1141700.0,3,1.0,3742,10279,1,0,2021,Riverside,Good
1076,556400.0,1,1.5,1913,5227,2,0,1961,Uptown,Fair
1077,1055700.0,5,2.0,3556,3568,2,0,1961,Uptown,Good
1078,677300.0,4,2.5,2504,7082,1,0,1992,Hillside,Poor
1079,1040500.0,1,3.0,3278,12746,1,0,1998,Downtown,Fair
1080,1078200.0,1,3.0,3831,8318,3,0,1988,Uptown,Excellent
1081,738300.0,5,2.5,1950,10816,3,1,1972,Suburbs,Fair
1082,307000.0,3,3.5,1032,4073,1,0,1969,Suburbs,Poor
1083,474100.0,4,2.0,833,5292,2,0,2018,Downtown,Fair
1084,770000.0,3,3.5,3115,12332,1,0,1988,Suburbs,Good
1085,1127300.0,2,2.0,3137,13770,3,0,2016,Downtown,Excellent
1086,826900.0,3,3.5,2348,5960,3,0,2016,Downtown,Poor
1087,372500.0,5,2.0,805,2996,1,0,1962,Riverside,Poor
1088,900300.0,2,2.5,2825,12174,2,0,1983,Uptown,Excellent
1089,532200.0,1,2.5,2125,8190,2,0,1973,Suburbs,Good
1090,719000.0,4,3.5,2729,6222,2,0,1964,Hillside,Poor
1091,901600.0,4,3.0,4078,1518,3,0,1966,Suburbs,Good
1092,1129700.0,5,2.5,3261,8742,1,0,1976,Riverside,Excellent
1093,866800.0,1,3.5,3193,14595,1,0,1999,Uptown,Poor
1094,465200.0,5,2.5,1081,5181,1,0,1975,Suburbs,Excellent
1095,995200.0,3,2.5,4119,9405,2,0,1978,Hillside,Fair
1096,1160100.0,5,3.0,3756,3736,1,0,2013,Riverside,Good
1097,977500.0,3,3.0,3075,12312,2,0,2017,Uptown,Excellent
1098,678600.0,3,2.0,2960,13998,3,0,2001,Suburbs,Fair
1099,601800.0,4,1.0,2003,13701,2,0,2008,Hillside,Fair
1100,391800.0,4,1.0,1217,9729,3,0,1972,Hillside,Poor
1101,1063900.0,2,2.5,3381,4029,1,0,1993,Riverside,Excellent
1102,954800.0,1,2.0,4191,12548,3,0,2000,Hillside,Poor
1103,877200.0,3,1.5,3758,2980,2,0,1972,Hillside,Fair
1104,351200.0,3,1.0,888,6814,1,0,2007,Hillside,Fair
1105,445700.0,2,1.5,1417,2793,3,0,1990,Hillside,Fair
1106,852800.0,2,2.5,3312,5661,2,0,1961,Hillside,Good
1107,930200.0,4,2.0,3106,6401,2,0,2018,Riverside,Fair
1108,497900.0,4,2.5,1136,5386,2,0,1997,Riverside,Poor
1109,914200.0,3,1.0,3018,12736,1,0,2023,Riverside,Fair
1110,654500.0,5,2.0,1597,11930,1,0,1977,Downtown,Poor
1111,932300.0,5,2.0,3699,3653,1,0,2001,Hillside,Fair
1112,886900.0,2,1.5,3921,10337,2,0,1994,Suburbs,Good
1113,549300.0,3,3.5,2087,14676,1,0,1969,Suburbs,Fair
1114,891900.0,4,3.0,2198,2979,2,1,1975,Hillside,Good
1115,978500.0,5,2.5,4068,11961,2,0,1989,Hillside,Poor
1116,872200.0,5,3.0,2043,11495,1,0,2019,Riverside,Excellent
1117,761400.0,1,2.0,2717,3402,1,0,1977,Hillside,Excellent
1118,947100.0,3,3.5,3743,12911,3,0,1979,Hillside,Poor
1119,948100.0,3,1.0,3527,7570,1,0,1990,Riverside,Poor
1120,1194700.0,3,3.0,3341,7376,1,0,1984,Downtown,Excellent
1121,459500.0,5,1.0,907,14390,2,0,1976,Uptown,Fair
1122,595600.0,1,3.0,1548,11107,1,0,1989,Riverside,Fair
1123,532100.0,3,1.5,1232,10350,2,0,1974,Downtown,Fair
1124,892000.0,1,2.0,3935,14417,1,0,1962,Suburbs,Good
1125,959000.0,5,1.0,3754,2541,2,0,2006,Uptown,Poor
1126,547500.0,4,3.0,1607,11577,1,0,1998,Hillside,Poor
1127,1070100.0,4,2.5,3510,3268,2,0,2016,Downtown,Poor
1128,461700.0,3,3.0,1307,2576,1,0,2001,Hillside,Good
1129,537300.0,1,3.5,1168,12226,3,0,1987,Hillside,Excellent
1130,800300.0,2,2.5,2088,8930,2,0,1972,Riverside,Excellent
1131,677300.0,2,3.5,2642,2599,1,0,1971,Hillside,Poor
1132,1020300.0,3,1.5,2978,2482,3,0,2002,Downtown,Excellent
1133,465600.0,4,3.5,910,6212,3,0,1973,Uptown,Fair
1134,918500.0,2,3.5,2675,5174,1,0,2007,Downtown,Good
1135,1483600.0,5,3.0,3213,12558,3,1,1994,Downtown,Fair
1136,927200.0,3,3.5,3822,6562,2,0,1983,Suburbs,Excellent
1137,1048700.0,1,1.0,3756,10191,1,0,2018,Riverside,Fair
1138,776500.0,3,2.0,3655,6814,3,0,1966,Suburbs,Fair
1139,708600.0,1,2.0,2514,12345,2,0,2016,Hillside,Good
1140,523600.0,2,3.0,1166,7155,2,0,2022,Uptown,Good
1141,450600.0,5,1.0,731,4849,2,0,1977,Riverside,Good
1142,328700.0,3,1.0,731,9649,2,0,2008,Uptown,Fair
1143,876300.0,3,1.0,2326,13657,1,0,2018,Downtown,Good
1144,1105100.0,5,2.5,3048,8126,2,0,2011,Downtown,Good
1145,760000.0,4,3.5,2182,2943,2,0,1991,Hillside,Excellent
1146,770400.0,5,1.0,2321,6583,2,0,1981,Downtown,Poor
1147,1094900.0,3,2.0,3679,14917,1,0,1978,Riverside,Fair
1148,557800.0,2,3.0,1326,13955,1,0,2023,Hillside,Excellent
1149,853000.0,5,2.0,3269,6679,1,0,2020,Hillside,Good
1150,526300.0,3,3.0,930,7266,3,1,2019,Hillside,Poor
1151,439600.0,1,3.5,1069,11576,3,0,2019,Uptown,Poor
1152,690900.0,4,3.0,3369,4584,2,0,2024,Suburbs,Poor
1153,600000.0,3,3.5,1045,9766,1,1,2016,Hillside,Fair
1154,608600.0,3,2.0,1858,7847,2,0,1966,Riverside,Poor
1155,741100.0,4,2.0,1732,13357,3,0,2002,Downtown,Fair
1156,1112700.0,3,2.0,3387,12943,2,0,1970,Riverside,Excellent
1157,1032800.0,2,3.5,3578,13604,3,0,2014,Uptown,Good
1158,474500.0,1,2.0,1965,4453,1,0,2022,Suburbs,Fair
1159,872200.0,3,1.0,2779,14130,3,0,1964,Riverside,Fair
1160,424200.0,5,2.5,1331,4158,1,0,1981,Hillside,Poor
1161,1052700.0,2,2.5,3200,6168,2,0,1990,Riverside,Excellent
1162,982600.0,2,2.0,3478,10845,2,0,1996,Hillside,Excellent
1163,532200.0,5,1.5,1724,2354,2,0,1973,Uptown,Poor
1164,878700.0,3,1.0,3825,4126,2,0,1978,Hillside,Poor
1165,395500.0,4,2.0,809,8297,1,0,2007,Suburbs,Excellent
1166,436000.0,1,2.0,1619,1961,2,0,2002,Suburbs,Fair
1167,1238800.0,4,3.5,4104,3773,2,0,1960,Downtown,Poor
1168,1260900.0,3,1.5,4120,3949,3,0,2014,Downtown,Good
1169,839300.0,2,2.5,3317,14507,3,0,1974,Hillside,Poor
1170,691000.0,5,3.0,1690,13272,1,0,1960,Uptown,Good
1171,620700.0,1,3.0,2177,2608,3,0,2024,Uptown,Poor
1172,573900.0,4,2.5,878,11914,2,0,1992,Downtown,Good
1173,1033800.0,1,3.0,3711,13897,2,0,2005,Uptown,Good
1174,1045000.0,2,3.5,2603,12893,2,0,1977,Downtown,Excellent
1175,608900.0,2,1.0,1992,6580,3,0,2020,Riverside,Poor
1176,711800.0,2,2.0,2162,14293,1,0,2002,Riverside,Poor
1177,740100.0,4,3.5,2501,7834,2,0,2023,Hillside,Good
1178,1470500.0,5,2.0,3981,2853,2,1,1983,Uptown,Good
1179,929100.0,3,2.0,2526,11373,2,0,2016,Riverside,Excellent
1180,877200.0,1,3.5,2144,11573,2,0,1967,Downtown,Excellent
1181,580300.0,2,1.0,1284,11454,2,1,1968,Suburbs,Good
1182,932100.0,3,2.5,3023,2030,3,0,2017,Riverside,Good
1183,755900.0,2,3.0,2203,8021,2,0,1991,Downtown,Poor
1184,748600.0,2,2.5,2820,7840,3,0,1993,Hillside,Fair
1185,577800.0,4,1.5,1202,3723,1,0,2016,Downtown,Good
1186,375600.0,3,3.5,965,10511,3,0,1998,Suburbs,Fair
1187,1080100.0,1,1.5,3944,3775,1,0,1963,Riverside,Good
1188,776000.0,4,3.0,1231,11526,1,1,2010,Hillside,Excellent
1189,459000.0,1,1.5,1998,12024,1,0,2004,Suburbs,Fair
1190,593900.0,2,2.5,2759,2407,1,0,1998,Suburbs,Fair
1191,540000.0,3,3.0,1863,2792,2,0,1995,Suburbs,Good
1192,450200.0,5,3.0,1082,9734,1,0,1979,Suburbs,Good
1193,450900.0,1,1.0,886,12009,3,0,1986,Uptown,Excellent
1194,431400.0,5,3.5,824,9659,3,0,1998,Hillside,Fair
1195,485200.0,3,2.5,998,12782,1,0,2013,Hillside,Excellent
1196,1024000.0,2,2.0,3184,3853,2,0,2000,Riverside,Excellent
1197,520700.0,5,1.0,2007,5460,2,0,2017,Suburbs,Fair
1198,658200.0,1,1.0,1888,7793,3,0,1980,Riverside,Good
1199,1243700.0,5,2.5,2742,6555,2,1,2010,Uptown,Excellent
1200,1248800.0,2,1.5,3089,7281,1,1,2023,Uptown,Excellent
1201,631200.0,1,2.5,1248,5833,2,0,2006,Downtown,Excellent
1202,836100.0,1,3.0,3001,4689,2,0,1969,Hillside,Excellent
1203,1024500.0,5,3.5,3202,3446,1,0,2010,Riverside,Good
1204,992000.0,5,2.0,3792,3863,1,0,2011,Uptown,Poor
1205,935500.0,3,2.5,2827,8987,1,0,1977,Riverside,Good
1206,1000000.0,2,2.5,3225,13613,2,0,2024,Uptown,Excellent
1207,835600.0,1,2.0,2056,12539,1,0,1999,Downtown,Excellent
1208,1193200.0,3,3.5,3906,14216,3,0,1966,Uptown,Excellent
1209,599600.0,5,2.5,1305,14962,1,1,1974,Suburbs,Poor
1210,829700.0,4,2.0,2415,3981,2,0,2012,Uptown,Excellent
1211,564200.0,1,3.5,1265,9998,1,0,2021,Uptown,Excellent
1212,855400.0,3,1.5,2582,10234,2,0,1993,Uptown,Excellent
1213,738900.0,5,2.0,1621,6376,2,0,2022,Riverside,Excellent
1214,1068700.0,3,3.0,3957,13323,2,0,2008,Hillside,Good
1215,758600.0,3,1.0,1878,13200,1,0,2016,Riverside,Excellent
1216,799900.0,2,1.5,4091,10324,2,0,1994,Suburbs,Poor
1217,1148300.0,2,1.0,3443,10200,1,0,1966,Downtown,Excellent
1218,1060400.0,3,3.5,2634,3147,1,1,1980,Hillside,Excellent
1219,630100.0,3,2.0,1869,12082,1,0,1971,Uptown,Fair
1220,1278700.0,5,3.5,3661,2111,1,0,1982,Downtown,Excellent
1221,465500.0,3,1.0,737,6388,3,0,2002,Riverside,Excellent
1222,1002400.0,5,3.0,2723,3698,3,0,1984,Downtown,Good
1223,508700.0,3,3.5,1462,1730,2,0,1984,Suburbs,Excellent
1224,590700.0,4,3.0,2043,2921,2,0,1983,Suburbs,Excellent
1225,560100.0,3,2.5,1664,8819,2,0,1998,Uptown,Poor
1226,966800.0,3,3.5,2172,12850,1,1,1975,Hillside,Good
1227,434200.0,3,3.5,1180,11964,2,0,1988,Suburbs,Fair
1228,787500.0,4,1.5,2563,13750,3,0,2020,Uptown,Fair
1229,767700.0,5,1.0,2852,8819,3,0,1969,Uptown,Poor
1230,938300.0,1,3.0,2770,4812,3,0,1981,Riverside,Excellent
1231,477000.0,5,2.5,1072,9861,2,0,2018,Suburbs,Excellent
1232,645300.0,4,3.0,936,10655,2,0,1999,Downtown,Excellent
1233,373700.0,2,3.0,999,2242,2,0,1968,Uptown,Poor
1234,392700.0,1,2.5,829,6203,2,0,1977,Hillside,Good
1235,558700.0,4,2.5,1028,12685,3,0,2004,Downtown,Fair
1236,988200.0,5,2.5,2866,3586,1,0,1962,Riverside,Excellent
1237,1155100.0,5,2.5,4072,5262,1,0,1979,Riverside,Fair
1238,840800.0,1,1.0,4015,12316,2,0,1962,Suburbs,Fair
1239,1010000.0,4,3.0,3452,13022,1,0,1965,Hillside,Excellent
1240,474200.0,2,3.0,1589,13859,1,0,1997,Suburbs,Good
1241,590800.0,3,1.5,1936,3847,3,0,1998,Riverside,Poor
1242,1204700.0,5,3.0,3711,4369,2,0,1966,Riverside,Excellent
1243,392100.0,4,2.5,1311,6413,2,0,2020,Suburbs,Fair
1244,495800.0,3,3.5,1291,14701,2,0,2012,Hillside,Fair
1245,600200.0,3,3.5,1023,8869,2,0,1984,Downtown,Good
1246,901800.0,4,3.5,3177,11378,1,0,1984,Uptown,Fair
1247,340000.0,3,2.0,762,4970,1,0,1975,Hillside,Fair
1248,619500.0,5,3.5,1537,7998,1,0,1996,Hillside,Excellent
1249,869300.0,3,2.0,2800,9647,2,0,2020,Riverside,Fair
