date,store_id,department,weekly_sales,is_holiday,temperature,fuel_price,cpi,unemployment_rate
2023-01-01,STORE-04,Groceries,12427.1,0,33.6,4.03,210.44,5.35
2023-01-03,STORE-02,Electronics,17653.48,0,93.1,3.08,210.28,5.06
2023-01-05,STORE-04,Home & Garden,6354.83,0,65.0,3.01,210.62,5.06
2023-01-07,STORE-04,Home & Garden,6459.95,0,82.0,3.49,209.96,5.07
2023-01-09,STORE-03,Groceries,12488.22,0,76.0,3.33,210.25,5.06
2023-01-11,STORE-02,Home & Garden,8562.9,0,33.5,3.91,209.93,5.37
2023-01-13,STORE-02,Home & Garden,7158.94,0,88.0,3.32,210.66,5.15
2023-01-15,STORE-03,Home & Garden,6622.11,0,71.5,3.8,210.77,5.26
2023-01-17,STORE-03,Electronics,18216.54,0,27.1,2.88,210.47,5.05
2023-01-19,STORE-01,Electronics,13078.52,0,39.0,3.67,210.52,5.11
2023-01-21,STORE-03,Apparel,6081.66,0,92.6,3.58,210.88,5.05
2023-01-23,STORE-04,Apparel,8572.23,0,26.7,3.79,210.81,5.05
2023-01-25,STORE-03,Electronics,14397.11,0,93.4,3.5,211.43,5.05
2023-01-27,STORE-03,Groceries,13052.02,0,58.8,3.41,210.7,5.23
2023-01-29,STORE-04,Apparel,8805.98,0,61.7,4.09,211.26,5.11
2023-01-31,STORE-02,Electronics,15521.69,0,55.3,3.03,211.17,4.97
2023-02-02,STORE-04,Electronics,16526.26,0,53.1,4.18,211.34,5.1
2023-02-04,STORE-02,Electronics,16343.43,0,46.2,3.09,211.14,5.25
2023-02-06,STORE-03,Apparel,8335.42,0,63.8,4.16,211.47,5.14
2023-02-08,STORE-04,Electronics,15448.52,0,86.6,2.84,211.7,5.18
2023-02-10,STORE-04,Groceries,14050.04,0,64.3,4.13,211.94,4.96
2023-02-12,STORE-04,Home & Garden,7762.88,0,67.1,3.18,211.84,5.03
2023-02-14,STORE-01,Home & Garden,6076.4,0,44.4,3.82,211.99,5.27
2023-02-16,STORE-01,Groceries,11956.87,0,44.2,2.88,211.41,5.27
2023-02-18,STORE-04,Electronics,17110.47,0,49.9,3.05,212.39,5.23
2023-02-20,STORE-02,Home & Garden,7943.58,0,78.5,3.2,212.25,5.14
2023-02-22,STORE-01,Groceries,12080.09,0,56.8,3.41,212.39,4.99
2023-02-24,STORE-01,Groceries,11788.45,0,58.4,3.49,212.55,5.06
2023-02-26,STORE-04,Electronics,15053.48,0,76.7,3.94,212.35,5.03
2023-02-28,STORE-03,Home & Garden,6989.69,0,70.7,3.71,212.53,5.23
2023-03-02,STORE-01,Groceries,14022.17,0,55.1,2.91,212.7,4.97
2023-03-04,STORE-03,Apparel,8706.3,0,59.2,3.21,212.03,4.88
2023-03-06,STORE-01,Electronics,15780.48,0,58.3,3.38,212.52,5.13
2023-03-08,STORE-01,Electronics,14444.31,0,28.5,3.73,212.32,4.91
2023-03-10,STORE-04,Electronics,13834.51,0,26.2,4.03,212.52,5.06
2023-03-12,STORE-03,Groceries,12877.16,0,92.5,4.02,212.49,4.9
2023-03-14,STORE-03,Electronics,14750.55,0,52.5,2.83,212.77,4.83
2023-03-16,STORE-04,Home & Garden,5930.33,0,42.7,3.94,213.08,5.09
2023-03-18,STORE-04,Groceries,12219.71,0,26.6,2.99,212.73,5.14
2023-03-20,STORE-01,Apparel,8298.07,0,56.1,3.0,212.86,5.14
2023-03-22,STORE-02,Electronics,15798.24,0,42.6,3.45,213.17,4.81
2023-03-24,STORE-04,Home & Garden,7538.74,0,55.4,4.0,213.37,4.88
2023-03-26,STORE-04,Electronics,14393.3,0,45.0,2.94,213.71,4.96
2023-03-28,STORE-03,Electronics,16166.42,0,56.6,3.48,213.53,5.03
2023-03-30,STORE-04,Apparel,11170.35,0,73.6,3.54,213.44,4.91
2023-04-01,STORE-04,Home & Garden,7943.37,0,28.8,3.67,213.75,4.95
2023-04-03,STORE-04,Electronics,14089.48,0,32.1,3.82,213.65,4.95
2023-04-05,STORE-03,Home & Garden,6993.78,0,29.8,3.21,213.97,5.15
2023-04-07,STORE-03,Home & Garden,7068.36,0,80.0,3.98,213.96,4.87
2023-04-09,STORE-02,Apparel,7456.62,0,35.0,3.65,213.52,4.92
2023-04-11,STORE-04,Groceries,12487.79,0,37.6,3.58,214.5,4.89
2023-04-13,STORE-02,Electronics,17261.76,0,80.5,3.27,213.69,4.84
2023-04-15,STORE-02,Home & Garden,7748.09,0,39.3,3.28,214.02,4.76
2023-04-17,STORE-02,Electronics,15032.84,0,73.0,4.1,214.18,4.92
2023-04-19,STORE-01,Electronics,14438.71,0,78.6,3.65,214.68,4.77
2023-04-21,STORE-02,Electronics,15159.34,0,85.3,4.08,214.06,4.84
2023-04-23,STORE-04,Home & Garden,8557.34,0,74.9,2.94,214.63,4.85
2023-04-25,STORE-04,Home & Garden,8811.66,0,77.7,2.81,214.89,4.9
2023-04-27,STORE-03,Apparel,8874.89,0,26.4,3.32,214.89,4.85
2023-04-29,STORE-04,Apparel,8665.07,0,30.3,3.4,215.14,5.06
2023-05-01,STORE-03,Electronics,16625.64,0,53.2,3.88,215.02,4.91
2023-05-03,STORE-04,Apparel,9655.26,0,52.6,3.35,214.42,5.06
2023-05-05,STORE-02,Electronics,16874.01,0,93.3,4.17,215.26,5.04
2023-05-07,STORE-03,Groceries,12559.96,0,88.2,2.81,214.82,4.9
2023-05-09,STORE-02,Home & Garden,6285.89,0,53.5,3.09,215.16,5.0
2023-05-11,STORE-04,Apparel,7891.2,0,86.1,2.92,215.24,4.83
2023-05-13,STORE-02,Groceries,12634.4,0,36.0,3.52,215.09,4.81
2023-05-15,STORE-03,Apparel,9123.68,0,82.4,3.23,215.28,4.87
2023-05-17,STORE-01,Groceries,13935.89,0,39.5,3.51,215.06,4.96
2023-05-19,STORE-01,Home & Garden,6895.5,0,45.4,3.13,215.77,4.89
2023-05-21,STORE-02,Groceries,13523.04,0,42.4,3.73,215.92,4.88
2023-05-23,STORE-02,Electronics,16677.35,0,44.6,3.62,216.0,4.79
2023-05-25,STORE-01,Apparel,10320.44,0,73.4,3.96,215.34,4.66
2023-05-27,STORE-04,Electronics,15069.56,0,47.7,3.54,215.93,4.84
2023-05-29,STORE-04,Groceries,14577.34,0,63.8,3.69,216.42,4.91
2023-05-31,STORE-04,Apparel,8825.4,0,30.8,2.98,216.21,4.68
2023-06-02,STORE-01,Apparel,9899.54,0,54.2,2.85,215.74,4.84
2023-06-04,STORE-04,Electronics,15662.71,0,29.1,3.6,215.7,4.68
2023-06-06,STORE-03,Groceries,13856.54,0,94.3,3.22,216.23,4.93
2023-06-08,STORE-01,Groceries,14091.7,0,86.7,3.1,216.64,4.8
2023-06-10,STORE-01,Groceries,12005.6,0,25.1,2.86,216.38,4.72
2023-06-12,STORE-04,Home & Garden,7766.44,0,82.6,3.97,216.11,4.65
2023-06-14,STORE-04,Home & Garden,6395.11,0,70.0,3.01,216.79,4.63
2023-06-16,STORE-04,Apparel,8410.25,0,87.5,3.27,216.19,4.85
2023-06-18,STORE-04,Groceries,13501.18,0,68.4,4.01,216.93,4.81
2023-06-20,STORE-01,Electronics,14367.48,0,34.4,3.67,216.88,4.6
2023-06-22,STORE-02,Home & Garden,8389.57,0,57.7,2.83,217.04,4.78
2023-06-24,STORE-02,Apparel,9337.41,0,82.2,3.97,217.04,4.6
2023-06-26,STORE-03,Home & Garden,7658.66,0,64.2,3.49,217.47,4.7
2023-06-28,STORE-03,Home & Garden,7787.98,0,39.3,2.96,216.72,4.62
2023-06-30,STORE-02,Apparel,10318.42,0,39.2,2.93,217.01,4.71
2023-07-02,STORE-03,Apparel,10919.16,0,22.0,2.88,217.17,4.67
2023-07-04,STORE-04,Groceries,13200.63,0,39.3,4.12,217.76,4.56
2023-07-06,STORE-02,Home & Garden,9095.88,0,58.1,3.51,217.89,4.64
2023-07-08,STORE-03,Home & Garden,7810.72,0,61.5,2.89,217.05,4.78
2023-07-10,STORE-01,Apparel,9529.97,0,77.2,3.71,217.23,4.75
2023-07-12,STORE-04,Electronics,15505.87,0,83.5,3.5,217.96,4.58
2023-07-14,STORE-02,Home & Garden,7496.2,0,92.1,3.58,217.3,4.84
2023-07-16,STORE-03,Apparel,10249.54,0,20.0,4.11,217.82,4.75
2023-07-18,STORE-03,Apparel,8777.78,0,63.9,3.51,217.47,4.8
2023-07-20,STORE-01,Groceries,15457.5,0,26.7,3.78,218.33,4.79
2023-07-22,STORE-02,Groceries,13195.28,0,86.3,4.12,218.22,4.89
2023-07-24,STORE-04,Groceries,13064.44,0,38.4,4.18,218.0,4.67
2023-07-26,STORE-02,Electronics,16120.82,0,65.7,2.81,217.75,4.55
2023-07-28,STORE-04,Home & Garden,9786.81,0,60.4,3.9,218.47,4.51
2023-07-30,STORE-04,Electronics,16661.52,0,46.5,3.94,218.73,4.62
2023-08-01,STORE-02,Electronics,16192.16,0,29.4,3.32,218.17,4.47
2023-08-03,STORE-03,Apparel,7931.6,0,26.7,3.66,218.36,4.75
2023-08-05,STORE-02,Home & Garden,7692.51,0,92.5,2.85,218.63,4.74
2023-08-07,STORE-04,Electronics,16226.65,0,85.2,3.6,218.71,4.68
2023-08-09,STORE-02,Electronics,17716.48,0,64.1,3.84,218.43,4.82
2023-08-11,STORE-03,Apparel,8042.81,0,83.6,2.83,219.35,4.72
2023-08-13,STORE-03,Home & Garden,8433.98,0,20.1,3.4,219.13,4.7
2023-08-15,STORE-04,Groceries,12584.04,0,29.1,3.53,219.04,4.64
2023-08-17,STORE-01,Apparel,9095.48,0,23.5,4.09,219.15,4.56
2023-08-19,STORE-01,Apparel,10504.03,0,93.4,3.39,218.77,4.52
2023-08-21,STORE-02,Groceries,13917.86,0,43.3,3.68,218.88,4.61
2023-08-23,STORE-03,Groceries,12027.0,0,38.5,3.46,219.82,4.75
2023-08-25,STORE-03,Apparel,8895.2,0,90.8,3.89,219.56,4.72
2023-08-27,STORE-01,Electronics,15402.72,0,88.8,3.33,219.91,4.68
2023-08-29,STORE-02,Electronics,17955.62,0,88.9,3.42,219.4,4.65
2023-08-31,STORE-01,Groceries,14116.82,0,83.7,3.36,219.8,4.56
2023-09-02,STORE-01,Home & Garden,6580.98,0,48.8,3.91,220.14,4.64
2023-09-04,STORE-01,Home & Garden,10166.94,0,58.8,3.62,219.45,4.39
2023-09-06,STORE-01,Apparel,8466.47,0,87.8,2.98,219.93,4.52
2023-09-08,STORE-02,Apparel,10178.64,0,30.3,2.86,219.63,4.61
2023-09-10,STORE-03,Groceries,12785.24,0,63.8,3.56,219.73,4.56
2023-09-12,STORE-01,Apparel,9472.39,0,24.3,3.51,220.5,4.71
2023-09-14,STORE-04,Groceries,12647.49,0,34.7,3.08,220.65,4.67
2023-09-16,STORE-04,Groceries,14918.35,0,83.9,3.59,220.16,4.47
2023-09-18,STORE-03,Apparel,11435.36,0,27.9,4.03,220.81,4.55
2023-09-20,STORE-02,Home & Garden,7315.37,0,66.8,3.13,220.71,4.73
2023-09-22,STORE-03,Home & Garden,8326.95,0,35.4,3.06,221.05,4.49
2023-09-24,STORE-01,Apparel,10217.36,0,41.8,3.07,220.73,4.64
2023-09-26,STORE-01,Electronics,17585.1,0,34.9,3.2,220.44,4.43
2023-09-28,STORE-02,Apparel,12016.54,0,34.7,3.05,220.56,4.37
2023-09-30,STORE-02,Home & Garden,7115.0,0,69.1,4.04,220.72,4.4
2023-10-02,STORE-03,Apparel,10431.14,0,90.6,4.17,221.46,4.67
2023-10-04,STORE-01,Electronics,15887.86,0,30.8,4.09,221.33,4.39
2023-10-06,STORE-04,Apparel,10905.9,0,89.1,3.87,221.21,4.65
2023-10-08,STORE-03,Apparel,11901.4,0,44.6,2.87,221.5,4.65
2023-10-10,STORE-04,Apparel,7869.13,0,74.5,3.9,221.57,4.54
2023-10-12,STORE-02,Home & Garden,7258.9,0,76.3,3.7,221.37,4.49
2023-10-14,STORE-03,Home & Garden,8431.83,0,73.7,3.49,221.21,4.45
2023-10-16,STORE-01,Apparel,9433.59,0,36.5,3.08,221.88,4.44
2023-10-18,STORE-02,Groceries,15903.86,0,39.1,2.92,221.85,4.39
2023-10-20,STORE-03,Apparel,9147.28,0,63.8,3.45,221.8,4.44
2023-10-22,STORE-04,Groceries,13992.41,0,40.5,2.83,221.7,4.37
2023-10-24,STORE-01,Groceries,14556.3,0,87.6,3.21,221.84,4.48
2023-10-26,STORE-02,Electronics,17205.29,0,28.9,3.3,221.97,4.39
2023-10-28,STORE-03,Groceries,12733.29,0,42.7,3.94,222.18,4.36
2023-10-30,STORE-03,Electronics,13084.23,0,77.8,3.19,221.93,4.64
2023-11-01,STORE-04,Electronics,16192.86,0,55.4,3.52,222.42,4.3
2023-11-03,STORE-02,Home & Garden,8809.84,0,37.5,3.62,222.29,4.42
2023-11-05,STORE-04,Groceries,13605.6,0,79.4,3.24,222.01,4.54
2023-11-07,STORE-04,Electronics,16145.56,0,48.1,3.61,222.03,4.6
2023-11-09,STORE-01,Home & Garden,7932.93,0,80.8,3.97,222.32,4.39
2023-11-11,STORE-03,Groceries,12855.88,0,64.0,3.59,222.09,4.27
2023-11-13,STORE-03,Home & Garden,8595.31,0,93.5,3.09,222.53,4.42
2023-11-15,STORE-04,Groceries,14396.45,0,27.0,2.95,222.77,4.22
2023-11-17,STORE-04,Electronics,17091.76,0,34.0,2.9,223.26,4.31
2023-11-19,STORE-01,Home & Garden,10037.66,0,24.3,3.53,222.55,4.54
2023-11-21,STORE-04,Home & Garden,10932.59,0,31.8,2.96,223.0,4.38
2023-11-23,STORE-02,Apparel,16825.08,1,85.3,3.23,223.36,4.45
2023-11-25,STORE-02,Groceries,21137.7,1,64.1,3.5,223.3,4.29
2023-11-27,STORE-01,Home & Garden,12337.38,1,65.4,3.15,223.03,4.4
2023-11-29,STORE-04,Home & Garden,13598.35,1,54.7,2.85,222.87,4.43
2023-12-01,STORE-03,Home & Garden,8008.78,0,66.0,3.93,223.04,4.26
2023-12-03,STORE-04,Home & Garden,8411.77,0,48.8,3.72,223.64,4.2
2023-12-05,STORE-02,Groceries,13716.26,0,86.2,3.55,223.69,4.18
2023-12-07,STORE-02,Home & Garden,8584.19,0,50.8,3.87,223.22,4.3
2023-12-09,STORE-03,Home & Garden,7249.38,0,53.8,3.15,223.69,4.33
2023-12-11,STORE-01,Home & Garden,9105.7,0,48.6,3.84,224.12,4.3
2023-12-13,STORE-02,Groceries,14112.6,0,70.3,3.45,223.8,4.17
2023-12-15,STORE-02,Home & Garden,9091.06,0,30.5,3.95,224.26,4.2
2023-12-17,STORE-03,Electronics,17157.35,0,60.1,3.35,223.58,4.43
2023-12-19,STORE-03,Apparel,9448.08,0,53.0,3.05,224.29,4.48
2023-12-21,STORE-01,Electronics,24482.52,1,49.3,3.23,223.71,4.12
2023-12-23,STORE-04,Apparel,11187.8,1,89.7,3.32,223.98,4.15
2023-12-25,STORE-03,Apparel,17709.51,1,71.0,2.89,224.78,4.14
2023-12-27,STORE-02,Apparel,13895.89,1,23.3,3.52,224.72,4.23
2023-12-29,STORE-04,Home & Garden,10977.84,1,29.1,3.1,224.34,4.16
2023-12-31,STORE-04,Groceries,20170.07,1,20.9,3.1,224.28,4.35
2024-01-02,STORE-01,Electronics,18709.84,0,86.4,3.38,224.91,4.28
2024-01-04,STORE-01,Apparel,8795.53,0,38.9,2.93,224.54,4.33
2024-01-06,STORE-02,Groceries,15831.38,0,33.1,3.87,224.99,4.47
2024-01-08,STORE-04,Electronics,16724.3,0,45.1,3.65,224.97,4.22
2024-01-10,STORE-01,Apparel,10125.63,0,21.6,3.86,224.58,4.16
2024-01-12,STORE-04,Apparel,11186.88,0,66.5,2.88,224.91,4.18
2024-01-14,STORE-01,Apparel,11374.34,0,89.3,3.64,225.57,4.35
2024-01-16,STORE-03,Apparel,12353.92,0,40.9,3.7,225.46,4.26
2024-01-18,STORE-03,Electronics,17068.68,0,37.2,3.83,225.12,4.13
2024-01-20,STORE-01,Apparel,10109.84,0,80.1,3.77,225.08,4.39
2024-01-22,STORE-01,Electronics,17221.78,0,85.2,2.9,225.13,4.29
2024-01-24,STORE-02,Apparel,11198.16,0,29.4,3.04,225.57,4.35
2024-01-26,STORE-04,Home & Garden,10095.63,0,43.4,3.81,225.34,4.1
2024-01-28,STORE-02,Groceries,14439.75,0,41.4,3.43,225.82,4.13
2024-01-30,STORE-03,Home & Garden,8423.4,0,48.3,3.46,225.68,4.26
2024-02-01,STORE-04,Apparel,12004.28,0,81.5,3.91,225.36,4.16
2024-02-03,STORE-03,Apparel,9415.21,0,61.5,3.05,225.8,4.13
