student_id,hours_studied,attendance_rate,sleep_hours,previous_exam_score,parent_education,school_type,extracurricular,final_score,performance_tier
STU-2000,12.7,74.3,5.2,92.6,Master's,Private,No,96.4,High
STU-2001,10.6,81.7,6.1,69.8,Some College,Public,Yes,83.0,Medium
STU-2002,8.6,92.8,7.2,69.1,Master's,Public,Yes,85.6,High
STU-2003,11.5,72.8,4.8,96.3,Master's,Public,No,96.6,High
STU-2004,14.0,66.2,5.9,66.7,Bachelor's,Public,Yes,86.5,High
STU-2005,15.2,65.2,8.9,55.7,Master's,Public,Yes,87.4,High
STU-2006,1.5,85.7,6.4,71.0,Bachelor's,Public,No,70.3,Medium
STU-2007,1.2,96.8,7.8,94.2,High School,Private,Yes,82.3,Medium
STU-2008,7.1,89.7,9.0,88.6,High School,Private,Yes,83.5,Medium
STU-2009,2.3,68.6,7.1,50.4,Some College,Private,Yes,45.7,Low
STU-2010,4.3,86.3,7.4,95.2,Master's,Public,No,84.8,Medium
STU-2011,8.3,64.2,8.5,74.1,Bachelor's,Public,No,72.3,Medium
STU-2012,16.9,96.1,7.3,97.8,Bachelor's,Private,No,100.0,High
STU-2013,5.1,81.8,6.4,74.2,Bachelor's,Private,No,73.9,Medium
STU-2014,8.6,75.9,8.1,97.1,High School,Public,No,97.8,High
STU-2015,4.7,72.6,8.4,95.0,Bachelor's,Public,Yes,82.1,Medium
STU-2016,1.6,74.2,5.2,64.5,Some College,Public,No,60.2,Low
STU-2017,7.8,96.7,8.2,83.3,Master's,Public,No,92.4,High
STU-2018,15.0,87.6,7.4,93.1,Bachelor's,Public,No,100.0,High
STU-2019,14.1,73.9,8.6,67.1,High School,Public,Yes,85.7,High
STU-2020,11.8,85.3,4.8,72.8,Bachelor's,Public,No,89.6,High
STU-2021,1.9,89.3,6.5,68.6,High School,Public,No,64.2,Low
STU-2022,5.9,75.8,5.2,49.4,High School,Private,No,64.3,Low
STU-2023,14.2,65.2,5.2,74.6,Master's,Private,Yes,95.8,High
STU-2024,10.5,99.9,7.1,57.8,Bachelor's,Private,No,86.3,High
STU-2025,2.9,76.5,6.3,55.1,Bachelor's,Public,No,57.5,Low
STU-2026,3.9,74.0,8.6,87.5,Some College,Private,Yes,76.8,Medium
STU-2027,12.7,66.2,8.1,49.5,High School,Public,Yes,70.6,Medium
STU-2028,15.8,92.8,4.6,81.8,High School,Private,No,98.1,High
STU-2029,13.6,68.5,7.2,84.8,Master's,Public,Yes,98.2,High
STU-2030,7.4,96.2,7.1,58.5,High School,Private,Yes,75.9,Medium
STU-2031,1.9,86.2,4.5,65.6,Bachelor's,Private,Yes,62.5,Low
STU-2032,1.3,94.7,7.7,57.3,Master's,Public,No,62.7,Low
STU-2033,2.5,68.0,9.3,74.7,High School,Public,Yes,61.2,Low
STU-2034,16.7,72.2,6.9,84.5,High School,Private,No,95.4,High
STU-2035,17.9,99.1,5.9,48.3,Bachelor's,Private,Yes,100.0,High
STU-2036,17.1,98.0,5.6,63.1,Master's,Public,Yes,100.0,High
STU-2037,12.5,94.9,7.9,67.1,Some College,Private,No,87.1,High
STU-2038,16.5,73.2,7.2,56.0,Some College,Public,Yes,86.2,High
STU-2039,9.9,65.4,9.5,96.7,Some College,Public,No,94.1,High
STU-2040,2.2,81.3,8.1,54.8,Some College,Public,No,62.3,Low
STU-2041,8.0,77.7,9.2,92.4,Bachelor's,Public,Yes,86.8,High
STU-2042,2.8,67.4,8.3,77.4,Bachelor's,Public,Yes,68.4,Medium
STU-2043,2.4,91.2,5.2,89.8,Master's,Private,Yes,83.8,Medium
STU-2044,15.5,79.7,5.2,55.2,High School,Private,Yes,93.9,High
STU-2045,4.8,86.9,5.5,55.8,Some College,Private,No,63.0,Low
STU-2046,12.7,94.7,8.9,67.7,High School,Private,No,82.1,Medium
STU-2047,10.7,81.4,7.7,82.3,High School,Public,No,92.4,High
STU-2048,8.8,95.1,8.9,58.0,Master's,Public,No,79.4,Medium
STU-2049,1.8,71.6,6.5,61.1,Bachelor's,Private,Yes,60.1,Low
STU-2050,8.2,84.5,4.8,72.4,Some College,Private,No,85.0,High
STU-2051,4.1,83.4,9.0,74.0,Master's,Private,No,79.8,Medium
STU-2052,8.7,67.2,7.5,82.8,Some College,Private,Yes,80.4,Medium
STU-2053,16.4,91.9,8.1,51.5,High School,Private,No,96.0,High
STU-2054,2.5,88.3,8.1,96.7,Some College,Private,No,82.4,Medium
STU-2055,6.7,94.9,8.8,53.6,Some College,Public,Yes,74.1,Medium
STU-2056,8.1,72.4,8.3,68.7,Some College,Public,Yes,75.3,Medium
STU-2057,14.0,60.5,7.0,71.4,High School,Private,Yes,81.9,Medium
STU-2058,4.7,86.4,6.8,68.4,High School,Public,No,65.6,Medium
STU-2059,15.0,62.0,5.2,79.6,High School,Public,Yes,84.6,Medium
STU-2060,12.3,93.5,6.0,93.8,High School,Public,No,100.0,High
STU-2061,5.8,86.4,8.0,75.3,Some College,Private,No,77.5,Medium
STU-2062,16.8,63.7,6.0,64.5,Master's,Public,No,95.2,High
STU-2063,9.0,64.9,8.8,62.4,Master's,Public,Yes,75.5,Medium
STU-2064,11.4,64.4,8.1,78.3,High School,Private,No,73.5,Medium
STU-2065,5.4,83.0,7.6,94.1,Master's,Private,No,91.9,High
STU-2066,14.7,95.3,5.7,60.4,Some College,Public,Yes,99.6,High
STU-2067,3.0,93.9,8.5,97.9,Master's,Public,No,89.4,High
STU-2068,6.9,92.2,5.6,79.0,Bachelor's,Private,Yes,84.9,Medium
STU-2069,6.5,60.2,7.9,63.1,High School,Public,Yes,66.3,Medium
STU-2070,6.6,73.5,7.9,93.6,High School,Public,No,82.0,Medium
STU-2071,15.7,95.8,6.8,88.2,High School,Private,No,100.0,High
STU-2072,10.4,60.7,7.4,62.6,Bachelor's,Public,Yes,76.2,Medium
STU-2073,17.7,85.1,8.7,75.3,Master's,Public,Yes,100.0,High
STU-2074,15.7,90.1,8.0,61.7,High School,Private,No,99.0,High
STU-2075,7.3,93.2,6.0,72.8,Some College,Public,No,86.5,High
STU-2076,14.3,91.1,9.1,68.5,High School,Private,Yes,95.4,High
STU-2077,13.5,80.9,8.4,52.6,High School,Public,Yes,88.5,High
STU-2078,13.3,78.4,8.1,72.7,High School,Private,Yes,85.2,High
STU-2079,2.5,78.7,4.7,72.6,Bachelor's,Public,No,64.6,Low
STU-2080,11.9,68.4,5.5,60.2,Bachelor's,Private,Yes,81.1,Medium
STU-2081,2.9,98.3,7.3,50.4,Bachelor's,Private,No,70.3,Medium
STU-2082,3.4,88.2,5.9,58.0,High School,Private,No,61.5,Low
STU-2083,1.5,96.1,4.8,65.3,High School,Private,No,64.0,Low
STU-2084,4.0,83.8,7.5,89.3,Master's,Private,No,82.3,Medium
STU-2085,13.9,92.4,4.9,93.9,Master's,Public,Yes,100.0,High
STU-2086,14.8,96.8,6.8,69.1,Master's,Private,Yes,100.0,High
STU-2087,16.2,70.3,6.3,54.7,Bachelor's,Private,No,88.5,High
STU-2088,9.3,62.6,5.1,70.4,Some College,Private,No,73.3,Medium
STU-2089,2.7,92.7,8.5,62.3,High School,Private,No,63.3,Low
STU-2090,7.8,76.5,7.6,74.0,Master's,Private,Yes,79.1,Medium
STU-2091,11.0,91.4,6.7,86.7,Some College,Public,Yes,100.0,High
STU-2092,13.6,88.5,8.7,51.1,Master's,Private,Yes,91.4,High
STU-2093,17.3,62.8,5.0,88.1,Master's,Private,No,100.0,High
STU-2094,12.0,62.5,5.6,52.4,High School,Public,Yes,67.1,Medium
STU-2095,11.5,77.9,5.5,91.5,Bachelor's,Private,No,98.0,High
STU-2096,13.2,96.6,9.5,75.9,Master's,Public,No,100.0,High
STU-2097,17.5,60.0,7.3,96.9,High School,Private,Yes,100.0,High
STU-2098,5.0,88.1,6.5,61.9,Master's,Private,No,73.3,Medium
STU-2099,3.9,65.6,7.3,89.7,Bachelor's,Private,Yes,76.3,Medium
STU-2100,5.9,94.9,5.1,45.6,High School,Public,No,59.4,Low
STU-2101,3.3,65.5,8.5,90.6,Master's,Public,No,67.1,Medium
STU-2102,9.7,82.1,6.8,63.8,Some College,Private,Yes,73.0,Medium
STU-2103,5.0,80.1,6.6,73.9,Bachelor's,Public,Yes,72.4,Medium
STU-2104,10.7,88.2,5.1,70.5,High School,Public,No,82.4,Medium
STU-2105,16.1,63.5,6.9,84.3,High School,Private,Yes,93.4,High
STU-2106,16.4,81.4,4.6,69.1,Master's,Private,No,94.9,High
STU-2107,6.0,66.7,8.0,76.7,Bachelor's,Private,Yes,83.6,Medium
STU-2108,11.7,83.1,7.4,79.8,Bachelor's,Public,No,92.3,High
STU-2109,2.3,91.4,5.8,77.6,Bachelor's,Private,Yes,75.8,Medium
STU-2110,13.6,84.2,9.1,84.2,Master's,Private,Yes,100.0,High
STU-2111,9.2,92.0,8.8,63.2,High School,Public,Yes,85.2,High
STU-2112,15.2,90.1,6.6,65.3,Master's,Public,Yes,93.6,High
STU-2113,1.9,70.6,8.6,47.8,Master's,Private,No,53.4,Low
STU-2114,6.1,89.8,8.3,73.2,Master's,Private,No,83.2,Medium
STU-2115,8.4,71.6,8.5,65.2,Bachelor's,Public,Yes,81.8,Medium
STU-2116,16.6,85.5,9.3,67.9,Bachelor's,Private,No,100.0,High
STU-2117,12.1,75.6,8.4,84.7,Some College,Private,Yes,93.5,High
STU-2118,6.3,60.4,4.5,48.6,Master's,Public,Yes,61.9,Low
STU-2119,13.3,70.1,4.7,77.8,High School,Public,Yes,83.0,Medium
STU-2120,13.0,64.8,8.8,51.9,Some College,Public,Yes,76.0,Medium
STU-2121,16.9,85.6,9.1,59.6,Master's,Private,No,100.0,High
STU-2122,3.8,63.0,8.4,65.3,Bachelor's,Public,No,66.9,Medium
STU-2123,8.5,79.7,9.1,77.3,Some College,Private,Yes,81.2,Medium
STU-2124,3.4,90.7,5.6,79.1,Master's,Private,Yes,81.9,Medium
STU-2125,13.4,91.1,4.6,71.4,High School,Public,No,91.7,High
STU-2126,5.5,88.0,9.0,75.5,Master's,Private,No,77.3,Medium
STU-2127,14.8,62.8,5.6,65.4,Master's,Public,No,93.7,High
STU-2128,6.7,72.1,4.8,97.8,High School,Private,No,84.9,Medium
STU-2129,14.0,85.9,5.4,47.1,Master's,Public,No,90.8,High
STU-2130,12.8,95.9,7.7,64.0,High School,Private,Yes,90.3,High
STU-2131,13.2,83.7,6.9,48.3,Bachelor's,Private,No,86.6,High
STU-2132,17.4,60.7,6.2,62.9,High School,Private,Yes,87.3,High
STU-2133,9.9,97.6,8.9,73.4,Some College,Public,Yes,95.4,High
STU-2134,13.5,79.6,4.6,93.1,High School,Public,Yes,100.0,High
STU-2135,16.4,92.8,5.0,77.4,High School,Public,Yes,100.0,High
STU-2136,9.5,92.0,5.6,87.6,Master's,Private,No,93.0,High
STU-2137,10.8,65.5,8.7,87.0,High School,Public,No,93.0,High
STU-2138,2.1,71.0,8.3,53.9,Bachelor's,Public,No,58.3,Low
STU-2139,3.3,91.6,7.7,64.9,Some College,Public,No,74.9,Medium
STU-2140,2.4,60.3,9.1,82.5,Bachelor's,Private,No,66.1,Medium
STU-2141,11.9,80.9,6.6,94.7,High School,Public,No,91.7,High
STU-2142,11.4,63.5,8.6,61.0,Master's,Public,Yes,85.1,High
STU-2143,17.6,84.8,8.8,97.3,Some College,Private,Yes,100.0,High
STU-2144,5.7,67.7,8.5,81.3,Master's,Private,Yes,83.2,Medium
STU-2145,1.9,74.6,5.5,58.3,Master's,Public,Yes,70.4,Medium
STU-2146,13.6,97.0,5.4,86.6,Master's,Public,Yes,100.0,High
STU-2147,11.1,73.0,5.5,80.9,Bachelor's,Public,Yes,86.0,High
STU-2148,6.5,63.9,8.2,91.1,Master's,Public,Yes,78.4,Medium
STU-2149,16.1,65.8,9.1,69.1,Master's,Private,Yes,96.3,High
STU-2150,8.8,67.8,6.3,59.3,Bachelor's,Public,Yes,73.5,Medium
STU-2151,3.3,94.1,6.8,54.1,Bachelor's,Public,No,67.6,Medium
STU-2152,11.3,91.6,7.7,77.4,Some College,Public,Yes,88.3,High
STU-2153,15.7,68.7,6.9,69.5,High School,Private,Yes,90.3,High
STU-2154,5.2,77.4,5.6,94.2,Some College,Public,No,82.2,Medium
STU-2155,9.0,90.7,4.7,73.1,Master's,Public,No,90.1,High
STU-2156,9.4,63.3,8.3,81.7,Master's,Public,Yes,83.3,Medium
STU-2157,18.0,60.6,7.8,53.6,Master's,Public,No,93.6,High
STU-2158,8.9,65.5,8.0,54.8,Bachelor's,Private,Yes,72.5,Medium
STU-2159,16.2,73.3,4.7,67.6,Bachelor's,Public,Yes,94.5,High
STU-2160,11.5,73.4,9.2,72.3,Bachelor's,Public,Yes,84.0,Medium
STU-2161,1.7,74.7,7.7,82.4,Some College,Public,No,70.5,Medium
STU-2162,5.1,64.5,6.9,94.8,Some College,Public,No,74.7,Medium
STU-2163,12.6,71.1,4.8,63.3,Master's,Public,No,89.7,High
STU-2164,13.1,87.1,7.2,60.5,Bachelor's,Public,Yes,94.2,High
STU-2165,2.4,95.9,5.9,95.7,High School,Public,No,76.3,Medium
STU-2166,2.9,65.9,5.3,55.8,High School,Private,No,57.8,Low
STU-2167,3.2,73.9,6.7,79.2,Bachelor's,Public,Yes,71.2,Medium
STU-2168,1.4,92.1,8.7,72.5,Bachelor's,Private,No,67.8,Medium
STU-2169,9.3,86.6,7.2,74.1,Master's,Private,Yes,84.1,Medium
STU-2170,16.3,72.3,8.4,57.0,Bachelor's,Private,Yes,93.1,High
STU-2171,17.3,84.7,5.3,73.4,Some College,Public,Yes,100.0,High
STU-2172,3.7,64.7,9.5,75.4,Master's,Private,No,72.5,Medium
STU-2173,1.6,72.7,6.2,64.8,Some College,Private,Yes,63.9,Low
STU-2174,16.6,76.2,7.0,52.7,Master's,Private,Yes,99.9,High
STU-2175,17.6,73.3,8.0,70.1,Bachelor's,Public,No,100.0,High
STU-2176,6.8,64.5,6.9,47.1,High School,Private,Yes,51.1,Low
STU-2177,8.6,63.7,4.8,79.0,Some College,Private,Yes,81.8,Medium
STU-2178,1.4,81.5,6.7,80.6,High School,Private,Yes,60.0,Low
STU-2179,9.7,62.2,7.8,66.1,Master's,Private,No,79.2,Medium
STU-2180,7.3,71.4,6.3,96.8,High School,Public,No,81.5,Medium
STU-2181,8.5,66.6,8.1,92.6,Master's,Public,Yes,84.8,Medium
STU-2182,3.4,72.1,9.4,72.8,Bachelor's,Public,No,72.8,Medium
STU-2183,16.5,76.6,7.3,82.6,Some College,Public,Yes,100.0,High
STU-2184,15.1,71.6,7.0,88.6,Bachelor's,Private,No,97.3,High
STU-2185,1.5,60.1,5.8,95.7,Master's,Public,No,70.9,Medium
STU-2186,8.1,79.7,7.9,58.0,High School,Private,No,71.6,Medium
STU-2187,13.7,83.2,7.3,91.0,Master's,Public,No,100.0,High
STU-2188,9.7,83.0,8.7,53.6,High School,Public,No,66.9,Medium
STU-2189,7.1,62.1,6.3,78.7,Bachelor's,Public,No,77.9,Medium
STU-2190,6.0,85.6,4.9,55.3,Some College,Public,Yes,61.6,Low
STU-2191,15.1,87.4,6.0,81.3,Bachelor's,Public,No,100.0,High
STU-2192,15.0,60.5,7.1,64.8,Master's,Private,No,91.5,High
STU-2193,4.7,80.1,8.7,87.1,High School,Private,No,73.8,Medium
STU-2194,16.6,64.7,5.2,45.9,Bachelor's,Private,No,87.2,High
STU-2195,17.8,80.9,9.4,54.1,Bachelor's,Public,Yes,99.5,High
STU-2196,4.8,94.3,5.2,57.0,Some College,Public,Yes,74.7,Medium
STU-2197,14.0,64.5,4.6,70.7,Master's,Public,Yes,90.6,High
STU-2198,2.8,91.7,7.1,48.1,High School,Private,Yes,63.9,Low
STU-2199,13.8,91.3,9.1,55.9,Some College,Public,No,91.2,High
STU-2200,1.5,65.8,8.2,59.7,Bachelor's,Private,Yes,61.7,Low
STU-2201,11.4,80.2,4.8,88.4,High School,Public,Yes,84.8,Medium
STU-2202,17.4,66.9,8.3,45.2,High School,Public,No,77.1,Medium
STU-2203,8.5,98.3,5.4,63.8,Master's,Private,Yes,91.9,High
STU-2204,9.7,76.3,8.3,61.7,Master's,Public,Yes,78.2,Medium
STU-2205,5.9,88.9,4.9,71.2,Master's,Private,No,82.1,Medium
STU-2206,11.2,72.5,9.4,68.5,Master's,Private,No,87.4,High
STU-2207,15.3,79.0,7.9,54.5,Master's,Public,No,93.6,High
STU-2208,8.4,86.3,4.9,52.6,Master's,Public,Yes,88.8,High
STU-2209,6.8,83.8,9.5,51.5,Master's,Private,No,78.2,Medium
STU-2210,14.0,90.6,7.5,85.1,Master's,Private,No,100.0,High
STU-2211,17.8,80.5,5.2,69.1,High School,Private,No,87.9,High
STU-2212,9.5,85.1,5.2,50.3,High School,Public,No,67.1,Medium
STU-2213,7.5,87.2,5.3,78.0,High School,Public,No,70.2,Medium
STU-2214,14.5,68.1,7.8,71.0,Bachelor's,Private,Yes,92.5,High
STU-2215,8.3,96.6,6.4,61.7,Master's,Private,No,85.7,High
STU-2216,1.6,67.1,7.8,86.3,Some College,Private,No,70.5,Medium
STU-2217,9.3,64.4,7.9,80.0,Master's,Private,Yes,89.3,High
STU-2218,9.6,75.7,7.0,96.5,Bachelor's,Private,No,99.1,High
STU-2219,3.2,74.7,8.5,76.0,Bachelor's,Private,Yes,73.1,Medium
STU-2220,8.3,99.7,6.6,48.0,Some College,Public,Yes,73.1,Medium
STU-2221,16.5,62.6,6.0,62.9,High School,Private,Yes,80.3,Medium
STU-2222,8.8,94.5,7.3,92.8,Bachelor's,Public,No,87.5,High
STU-2223,7.4,75.6,7.4,87.8,High School,Public,No,73.5,Medium
STU-2224,9.4,92.5,7.8,53.8,Bachelor's,Private,No,83.3,Medium
STU-2225,17.6,63.0,8.8,56.3,Bachelor's,Public,No,95.8,High
STU-2226,17.9,76.1,5.6,84.4,High School,Public,No,100.0,High
STU-2227,10.0,77.1,6.2,49.1,Bachelor's,Private,No,80.7,Medium
STU-2228,12.3,72.5,6.6,58.3,Master's,Public,Yes,81.6,Medium
STU-2229,4.2,80.0,7.8,88.7,Master's,Private,No,79.0,Medium
STU-2230,16.9,89.1,4.8,55.6,Master's,Public,Yes,100.0,High
STU-2231,6.1,77.4,6.1,89.0,High School,Public,No,82.8,Medium
STU-2232,5.5,71.5,5.3,81.4,Some College,Private,Yes,76.3,Medium
STU-2233,5.2,93.1,6.8,74.7,Master's,Private,Yes,85.1,High
STU-2234,4.4,70.9,4.6,86.9,Bachelor's,Public,Yes,81.5,Medium
STU-2235,1.3,94.4,4.9,76.9,High School,Private,No,67.2,Medium
STU-2236,12.4,95.4,6.5,89.5,Some College,Public,Yes,97.0,High
STU-2237,3.1,86.6,7.4,86.1,Bachelor's,Private,Yes,77.3,Medium
STU-2238,5.0,64.9,8.5,62.5,Master's,Public,No,68.3,Medium
STU-2239,4.6,71.0,6.5,90.7,High School,Private,No,74.9,Medium
STU-2240,12.9,64.5,7.2,70.2,Some College,Private,Yes,79.3,Medium
STU-2241,15.0,60.8,9.3,77.1,High School,Public,No,91.5,High
STU-2242,10.4,72.4,9.3,64.2,High School,Public,No,68.5,Medium
STU-2243,7.7,99.1,5.8,49.8,Some College,Private,Yes,81.2,Medium
STU-2244,15.6,66.4,6.7,61.8,Master's,Public,No,96.5,High
STU-2245,17.0,78.8,6.6,89.6,Master's,Public,Yes,100.0,High
STU-2246,12.9,80.3,6.3,76.9,Bachelor's,Private,Yes,95.2,High
STU-2247,4.1,77.7,7.7,45.2,Some College,Private,No,52.5,Low
STU-2248,10.8,64.4,5.7,82.8,Some College,Private,No,76.3,Medium
STU-2249,3.3,66.9,7.5,62.4,Bachelor's,Public,Yes,65.3,Medium
